{"cameraMode":{"drawMode":0,"name":"Shaded","section":"Shading Mode"},"sceneLighting":false,"audioPlay":false,"sceneViewState":{"showFog":true,"showMaterialUpdate":false,"showSkybox":false,"showFlares":false,"showImageEffects":false,"showParticleSystems":false},"in2DMode":false,"pivot":{"x":-50.02375030517578,"y":63.15043258666992,"z":-209.4877471923828},"rotation":{"x":-0.008969951421022416,"y":-0.9750866889953613,"z":0.2179778665304184,"w":-0.04013875126838684},"size":107.87399291992188,"orthographic":false}