{"cameraMode":{"drawMode":0,"name":"Shaded","section":"Shading Mode"},"sceneLighting":false,"audioPlay":false,"sceneViewState":{"showFog":true,"showMaterialUpdate":false,"showSkybox":false,"showFlares":true,"showImageEffects":true,"showParticleSystems":true},"in2DMode":false,"pivot":{"x":1.586370587348938,"y":-1.993361473083496,"z":0.6076698303222656},"rotation":{"x":-0.09343106299638748,"y":-0.8145825266838074,"z":0.13691399991512299,"w":-0.5558602213859558},"size":27.41722297668457,"orthographic":false}