{"cameraMode":{"drawMode":0,"name":"Shaded","section":"Shading Mode"},"sceneLighting":false,"audioPlay":false,"sceneViewState":{"showFog":true,"showMaterialUpdate":true,"showSkybox":false,"showFlares":true,"showImageEffects":true,"showParticleSystems":true},"in2DMode":false,"pivot":{"x":0.0,"y":0.05299997329711914,"z":0.006000000983476639},"rotation":{"x":0.00024075327382888645,"y":0.999746561050415,"z":0.013490055687725544,"w":-0.01802205853164196},"size":1.2095814943313599,"orthographic":false}