{"cameraMode":{"drawMode":0,"name":"Shaded","section":"Shading Mode"},"sceneLighting":false,"audioPlay":false,"sceneViewState":{"showFog":true,"showMaterialUpdate":false,"showSkybox":false,"showFlares":false,"showImageEffects":false,"showParticleSystems":false},"in2DMode":false,"pivot":{"x":-35.7301025390625,"y":5.744987964630127,"z":49.181854248046878},"rotation":{"x":-0.07567322999238968,"y":-0.27994728088378909,"z":0.02214445173740387,"w":-0.9567720293998718},"size":30.525327682495118,"orthographic":false}