{"cameraMode":{"drawMode":0,"name":"Shaded","section":"Shading Mode"},"sceneLighting":false,"audioPlay":false,"sceneViewState":{"showFog":true,"showMaterialUpdate":false,"showSkybox":false,"showFlares":false,"showImageEffects":false,"showParticleSystems":false},"in2DMode":false,"pivot":{"x":18.62405776977539,"y":-4.4918742179870609,"z":8.528934478759766},"rotation":{"x":-0.11044727265834809,"y":-0.8782302737236023,"z":0.24533003568649293,"w":-0.3953808546066284},"size":100.3714599609375,"orthographic":false}