{"cameraMode":{"drawMode":0,"name":"Shaded","section":"Shading Mode"},"sceneLighting":false,"audioPlay":false,"sceneViewState":{"showFog":true,"showMaterialUpdate":true,"showSkybox":false,"showFlares":true,"showImageEffects":true,"showParticleSystems":true},"in2DMode":false,"pivot":{"x":26.05022430419922,"y":110.40039825439453,"z":4.3312811851501469},"rotation":{"x":0.38052690029144289,"y":-0.5904563665390015,"z":0.3692871630191803,"w":0.6084303855895996},"size":2.6411921977996828,"orthographic":false}