{"cameraMode":{"drawMode":0,"name":"Shaded","section":"Shading Mode"},"sceneLighting":false,"audioPlay":false,"sceneViewState":{"showFog":true,"showMaterialUpdate":true,"showSkybox":false,"showFlares":true,"showImageEffects":true,"showParticleSystems":true},"in2DMode":false,"pivot":{"x":0.1232733204960823,"y":-0.343611478805542,"z":-1.0655664205551148},"rotation":{"x":-0.0010426564840599895,"y":0.9932961463928223,"z":-0.11524511128664017,"w":-0.008962263353168965},"size":2.4385597705841066,"orthographic":false}