{"cameraMode":{"drawMode":0,"name":"Shaded","section":"Shading Mode"},"sceneLighting":false,"audioPlay":false,"sceneViewState":{"showFog":true,"showMaterialUpdate":true,"showSkybox":false,"showFlares":true,"showImageEffects":true,"showParticleSystems":true},"in2DMode":false,"pivot":{"x":4.533827781677246,"y":34.61292266845703,"z":106.2804946899414},"rotation":{"x":-0.27292293310165408,"y":0.7089388966560364,"z":-0.3551647663116455,"w":-0.544772207736969},"size":144.32229614257813,"orthographic":false}