{"cameraMode":{"drawMode":0,"name":"Shaded","section":"Shading Mode"},"sceneLighting":false,"audioPlay":false,"sceneViewState":{"showFog":true,"showMaterialUpdate":true,"showSkybox":false,"showFlares":true,"showImageEffects":true,"showParticleSystems":true},"in2DMode":false,"pivot":{"x":-0.04055754840373993,"y":0.14198711514472962,"z":-0.04037550091743469},"rotation":{"x":-0.006239938084036112,"y":0.7205185890197754,"z":-0.006487459409981966,"w":-0.6933772563934326},"size":2.66110897064209,"orthographic":true}