{"cameraMode":{"drawMode":0,"name":"Shaded","section":"Shading Mode"},"sceneLighting":false,"audioPlay":false,"sceneViewState":{"showFog":true,"showMaterialUpdate":true,"showSkybox":false,"showFlares":true,"showImageEffects":true,"showParticleSystems":true},"in2DMode":false,"pivot":{"x":-134.81263732910157,"y":130.95498657226563,"z":22.936437606811525},"rotation":{"x":0.00403865659609437,"y":0.9381294250488281,"z":-0.34608814120292666,"w":0.010949715040624142},"size":2.857884407043457,"orthographic":false}