{"cameraMode":{"drawMode":0,"name":"Shaded","section":"Shading Mode"},"sceneLighting":false,"audioPlay":false,"sceneViewState":{"showFog":false,"showMaterialUpdate":false,"showSkybox":false,"showFlares":false,"showImageEffects":false,"showParticleSystems":false},"in2DMode":false,"pivot":{"x":45.358055114746097,"y":14.553182601928711,"z":-11.561189651489258},"rotation":{"x":-0.37604185938835146,"y":-0.000002679932777027716,"z":0.0000030868902740621708,"w":-0.9266027212142944},"size":178.8478546142578,"orthographic":false}