{"cameraMode":{"drawMode":0,"name":"Shaded","section":"Shading Mode"},"sceneLighting":false,"audioPlay":false,"sceneViewState":{"showFog":true,"showMaterialUpdate":true,"showSkybox":true,"showFlares":true,"showImageEffects":true,"showParticleSystems":true},"in2DMode":false,"pivot":{"x":30.470346450805665,"y":-15.564779281616211,"z":488.4815979003906},"rotation":{"x":0.0233815535902977,"y":0.03539052978157997,"z":-0.0008278735331259668,"w":0.9990996718406677},"size":467.1587829589844,"orthographic":false}