{"cameraMode":{"drawMode":0,"name":"Shaded","section":"Shading Mode"},"sceneLighting":false,"audioPlay":false,"sceneViewState":{"showFog":true,"showMaterialUpdate":true,"showSkybox":false,"showFlares":true,"showImageEffects":true,"showParticleSystems":true},"in2DMode":false,"pivot":{"x":-20.985435485839845,"y":103.78943634033203,"z":-66.12294006347656},"rotation":{"x":-0.39320674538612368,"y":0.03472999110817909,"z":-0.014862838201224804,"w":-0.9186737537384033},"size":179.44180297851563,"orthographic":false}