{"cameraMode":{"drawMode":0,"name":"Shaded","section":"Shading Mode"},"sceneLighting":false,"audioPlay":false,"sceneViewState":{"showFog":true,"showMaterialUpdate":true,"showSkybox":false,"showFlares":true,"showImageEffects":true,"showParticleSystems":true},"in2DMode":false,"pivot":{"x":-0.00200006365776062,"y":0.10003301501274109,"z":-0.04987268149852753},"rotation":{"x":0.008198774419724942,"y":-0.9916582107543945,"z":0.08200177550315857,"w":0.09910868108272553},"size":3.9669790267944338,"orthographic":false}