{"cameraMode":{"drawMode":0,"name":"Shaded","section":"Shading Mode"},"sceneLighting":false,"audioPlay":false,"sceneViewState":{"showFog":true,"showMaterialUpdate":false,"showSkybox":false,"showFlares":false,"showImageEffects":false,"showParticleSystems":false},"in2DMode":false,"pivot":{"x":0.014728546142578125,"y":5.546375274658203,"z":-0.04815864562988281},"rotation":{"x":-0.125665083527565,"y":-0.006551545578986406,"z":0.0008295851293951273,"w":-0.9920507669448853},"size":37.16877365112305,"orthographic":false}