{"cameraMode":{"drawMode":0,"name":"Shaded","section":"Shading Mode"},"sceneLighting":false,"audioPlay":false,"sceneViewState":{"showFog":true,"showMaterialUpdate":true,"showSkybox":false,"showFlares":true,"showImageEffects":true,"showParticleSystems":true},"in2DMode":false,"pivot":{"x":12.365190505981446,"y":3.33125901222229,"z":13.137731552124024},"rotation":{"x":-0.011458488181233406,"y":-0.9869174361228943,"z":0.08160616457462311,"w":-0.138575479388237},"size":40.010372161865237,"orthographic":false}