{"cameraMode":{"drawMode":0,"name":"Shaded","section":"Shading Mode"},"sceneLighting":false,"audioPlay":false,"sceneViewState":{"showFog":true,"showMaterialUpdate":true,"showSkybox":false,"showFlares":true,"showImageEffects":true,"showParticleSystems":true},"in2DMode":false,"pivot":{"x":-0.00200006365776062,"y":0.10003301501274109,"z":-0.04987268149852753},"rotation":{"x":-0.013378076255321503,"y":0.984348475933075,"z":-0.15331071615219117,"w":-0.08587798476219177},"size":3.9669790267944338,"orthographic":false}