{"cameraMode":{"drawMode":0,"name":"Shaded","section":"Shading Mode"},"sceneLighting":false,"audioPlay":false,"sceneViewState":{"showFog":true,"showMaterialUpdate":false,"showSkybox":false,"showFlares":false,"showImageEffects":false,"showParticleSystems":false},"in2DMode":false,"pivot":{"x":32.12330627441406,"y":-2.17018985748291,"z":67.21076202392578},"rotation":{"x":0.2020885944366455,"y":-0.299448698759079,"z":0.06505367904901505,"w":0.9301928877830505},"size":29.571338653564454,"orthographic":false}