{"cameraMode":{"drawMode":0,"name":"Shaded","section":"Shading Mode"},"sceneLighting":false,"audioPlay":false,"sceneViewState":{"showFog":true,"showMaterialUpdate":false,"showSkybox":false,"showFlares":false,"showImageEffects":false,"showParticleSystems":false},"in2DMode":false,"pivot":{"x":-55.52811813354492,"y":-33.242305755615237,"z":11.448325157165528},"rotation":{"x":0.11244591325521469,"y":-0.8086545467376709,"z":0.16425813734531403,"w":0.553581953048706},"size":102.10245513916016,"orthographic":false}