{"cameraMode":{"drawMode":0,"name":"Shaded","section":"Shading Mode"},"sceneLighting":false,"audioPlay":false,"sceneViewState":{"showFog":true,"showMaterialUpdate":false,"showSkybox":false,"showFlares":false,"showImageEffects":false,"showParticleSystems":false},"in2DMode":false,"pivot":{"x":26.589981079101564,"y":6.524206161499023,"z":54.79026794433594},"rotation":{"x":0.14225304126739503,"y":-0.8386849761009216,"z":0.26164600253105166,"w":0.45597487688064577},"size":41.485267639160159,"orthographic":false}