{"cameraMode":{"drawMode":0,"name":"Shaded","section":"Shading Mode"},"sceneLighting":false,"audioPlay":false,"sceneViewState":{"showFog":true,"showMaterialUpdate":false,"showSkybox":false,"showFlares":true,"showImageEffects":true,"showParticleSystems":true},"in2DMode":false,"pivot":{"x":0.00782795250415802,"y":-0.0032723993062973024,"z":0.01776236481964588},"rotation":{"x":0.02936781756579876,"y":0.935591995716095,"z":-0.08019842952489853,"w":0.34259796142578127},"size":0.30453115701675417,"orthographic":false}