{"cameraMode":{"drawMode":0,"name":"Shaded","section":"Shading Mode"},"sceneLighting":false,"audioPlay":false,"sceneViewState":{"showFog":true,"showMaterialUpdate":true,"showSkybox":false,"showFlares":true,"showImageEffects":true,"showParticleSystems":true},"in2DMode":false,"pivot":{"x":-0.0028495341539382936,"y":-0.012562662363052369,"z":0.009537387639284134},"rotation":{"x":0.5218138694763184,"y":0.15500248968601228,"z":-0.097071573138237,"w":0.8332237005233765},"size":0.28775733709335329,"orthographic":false}