{"cameraMode":{"drawMode":0,"name":"Shaded","section":"Shading Mode"},"sceneLighting":false,"audioPlay":false,"sceneViewState":{"showFog":true,"showMaterialUpdate":true,"showSkybox":false,"showFlares":true,"showImageEffects":true,"showParticleSystems":true},"in2DMode":false,"pivot":{"x":-0.40180879831314089,"y":-0.22896474599838258,"z":-2.8334455490112306},"rotation":{"x":0.002839945023879409,"y":0.9960039854049683,"z":0.03436977416276932,"w":-0.08238202333450318},"size":3.9669790267944338,"orthographic":false}