{"cameraMode":{"drawMode":0,"name":"Shaded","section":"Shading Mode"},"sceneLighting":false,"audioPlay":false,"sceneViewState":{"showFog":false,"showMaterialUpdate":false,"showSkybox":false,"showFlares":false,"showImageEffects":false,"showParticleSystems":false},"in2DMode":false,"pivot":{"x":0.0039055347442626955,"y":0.4456726908683777,"z":-0.011868372559547425},"rotation":{"x":-0.03888603299856186,"y":0.5302044749259949,"z":-0.02435223013162613,"w":-0.8466275334358215},"size":1.8772268295288087,"orthographic":false}