{"cameraMode":{"drawMode":0,"name":"Shaded","section":"Shading Mode"},"sceneLighting":false,"audioPlay":false,"sceneViewState":{"showFog":true,"showMaterialUpdate":true,"showSkybox":true,"showFlares":true,"showImageEffects":true,"showParticleSystems":true},"in2DMode":false,"pivot":{"x":-158.9839630126953,"y":315.58306884765627,"z":70.45519256591797},"rotation":{"x":0.4092418849468231,"y":0.5737865567207336,"z":-0.40145689249038699,"w":0.5849123597145081},"size":37.240203857421878,"orthographic":false}