{"cameraMode":{"drawMode":0,"name":"Shaded","section":"Shading Mode"},"sceneLighting":false,"audioPlay":false,"sceneViewState":{"showFog":true,"showMaterialUpdate":true,"showSkybox":false,"showFlares":true,"showImageEffects":true,"showParticleSystems":true},"in2DMode":false,"pivot":{"x":0.9691998958587647,"y":1.0896658897399903,"z":1.0084000825881959},"rotation":{"x":-0.15083560347557069,"y":-0.6457704305648804,"z":0.1322183459997177,"w":-0.7367140054702759},"size":3.051614284515381,"orthographic":false}