{"cameraMode":{"drawMode":0,"name":"Shaded","section":"Shading Mode"},"sceneLighting":false,"audioPlay":false,"sceneViewState":{"showFog":true,"showMaterialUpdate":true,"showSkybox":false,"showFlares":true,"showImageEffects":true,"showParticleSystems":true},"in2DMode":false,"pivot":{"x":-82.87371826171875,"y":7.8290863037109379,"z":243.26905822753907},"rotation":{"x":0.10261137038469315,"y":0.07503844052553177,"z":-0.008274455554783345,"w":0.9918527007102966},"size":279.28387451171877,"orthographic":false}