{"cameraMode":{"drawMode":0,"name":"Shaded","section":"Shading Mode"},"sceneLighting":false,"audioPlay":false,"sceneViewState":{"showFog":true,"showMaterialUpdate":true,"showSkybox":false,"showFlares":true,"showImageEffects":true,"showParticleSystems":true},"in2DMode":false,"pivot":{"x":-0.6622966527938843,"y":-1.0038771629333497,"z":0.14069020748138429},"rotation":{"x":0.08003637194633484,"y":-0.8428124785423279,"z":0.1307387351989746,"w":0.5159155130386353},"size":6.127044200897217,"orthographic":false}