{"cameraMode":{"drawMode":0,"name":"Shaded","section":"Shading Mode"},"sceneLighting":false,"audioPlay":false,"sceneViewState":{"showFog":true,"showMaterialUpdate":true,"showSkybox":false,"showFlares":true,"showImageEffects":true,"showParticleSystems":true},"in2DMode":false,"pivot":{"x":-0.030075877904891969,"y":0.1314157396554947,"z":-0.040375590324401858},"rotation":{"x":-0.006239938084036112,"y":0.7205185890197754,"z":-0.006487459409981966,"w":-0.6933772563934326},"size":2.6298389434814455,"orthographic":true}