{"cameraMode":{"drawMode":0,"name":"Shaded","section":"Shading Mode"},"sceneLighting":false,"audioPlay":false,"sceneViewState":{"showFog":true,"showMaterialUpdate":true,"showSkybox":false,"showFlares":true,"showImageEffects":true,"showParticleSystems":true},"in2DMode":false,"pivot":{"x":1.0404359102249146,"y":68.08403778076172,"z":-33.00011444091797},"rotation":{"x":0.0683155283331871,"y":-0.03232609108090401,"z":0.002216093009337783,"w":0.9971374869346619},"size":2.6411921977996828,"orthographic":false}