{"cameraMode":{"drawMode":0,"name":"Shaded","section":"Shading Mode"},"sceneLighting":false,"audioPlay":false,"sceneViewState":{"showFog":true,"showMaterialUpdate":true,"showSkybox":false,"showFlares":true,"showImageEffects":true,"showParticleSystems":true},"in2DMode":false,"pivot":{"x":-0.8605714440345764,"y":-0.7475497126579285,"z":0.11992727965116501},"rotation":{"x":-0.11013562977313996,"y":0.7640638947486877,"z":-0.13549020886421204,"w":-0.6210627555847168},"size":3.9669790267944338,"orthographic":false}