{"cameraMode":{"drawMode":0,"name":"Shaded","section":"Shading Mode"},"sceneLighting":false,"audioPlay":false,"sceneViewState":{"showFog":true,"showMaterialUpdate":true,"showSkybox":false,"showFlares":true,"showImageEffects":true,"showParticleSystems":true},"in2DMode":false,"pivot":{"x":1.2791121006011963,"y":0.2581370174884796,"z":12.499321937561036},"rotation":{"x":-0.06114862859249115,"y":0.6955726146697998,"z":-0.05961994081735611,"w":-0.7133617997169495},"size":0.03855979070067406,"orthographic":false}