{"cameraMode":{"drawMode":0,"name":"Shaded","section":"Shading Mode"},"sceneLighting":false,"audioPlay":false,"sceneViewState":{"showFog":true,"showMaterialUpdate":true,"showSkybox":false,"showFlares":true,"showImageEffects":true,"showParticleSystems":true},"in2DMode":false,"pivot":{"x":8.496664047241211,"y":0.12671445310115815,"z":0.9811407327651978},"rotation":{"x":-0.15083560347557069,"y":-0.6457704305648804,"z":0.1322183459997177,"w":-0.7367140054702759},"size":3.115236520767212,"orthographic":false}