{"cameraMode":{"drawMode":0,"name":"Shaded","section":"Shading Mode"},"sceneLighting":false,"audioPlay":false,"sceneViewState":{"showFog":true,"showMaterialUpdate":true,"showSkybox":false,"showFlares":true,"showImageEffects":true,"showParticleSystems":true},"in2DMode":false,"pivot":{"x":16.813596725463868,"y":-2.680692672729492,"z":-18.675737380981447},"rotation":{"x":-0.14198651909828187,"y":-0.8558334112167358,"z":0.38314148783683779,"w":-0.31716179847717287},"size":26.464946746826173,"orthographic":false}