{"cameraMode":{"drawMode":0,"name":"Shaded","section":"Shading Mode"},"sceneLighting":false,"audioPlay":false,"sceneViewState":{"showFog":true,"showMaterialUpdate":false,"showSkybox":false,"showFlares":false,"showImageEffects":false,"showParticleSystems":false},"in2DMode":false,"pivot":{"x":4.535894393920898,"y":1.139007568359375,"z":-33.12452697753906},"rotation":{"x":-0.006158767733722925,"y":0.885261058807373,"z":0.46490606665611269,"w":0.011722393333911896},"size":121.48563385009766,"orthographic":false}