{"cameraMode":{"drawMode":0,"name":"Shaded","section":"Shading Mode"},"sceneLighting":false,"audioPlay":false,"sceneViewState":{"showFog":true,"showMaterialUpdate":false,"showSkybox":false,"showFlares":false,"showImageEffects":false,"showParticleSystems":false},"in2DMode":false,"pivot":{"x":-2.1067116260528566,"y":23.39474868774414,"z":44.71004867553711},"rotation":{"x":-0.43124890327453616,"y":0.36258262395858767,"z":-0.19475241005420686,"w":-0.8028884530067444},"size":41.48519515991211,"orthographic":false}