{"cameraMode":{"drawMode":0,"name":"Shaded","section":"Shading Mode"},"sceneLighting":false,"audioPlay":false,"sceneViewState":{"showFog":true,"showMaterialUpdate":true,"showSkybox":false,"showFlares":true,"showImageEffects":true,"showParticleSystems":true},"in2DMode":false,"pivot":{"x":66.82186889648438,"y":710.3364868164063,"z":-230.35723876953126},"rotation":{"x":-0.25148382782936098,"y":0.6037412881851196,"z":-0.20882387459278108,"w":-0.7270797491073608},"size":3.382350206375122,"orthographic":false}