{"cameraMode":{"drawMode":0,"name":"Shaded","section":"Shading Mode"},"sceneLighting":false,"audioPlay":false,"sceneViewState":{"showFog":true,"showMaterialUpdate":false,"showSkybox":false,"showFlares":false,"showImageEffects":false,"showParticleSystems":false},"in2DMode":false,"pivot":{"x":-15.084131240844727,"y":-66.65277099609375,"z":157.92404174804688},"rotation":{"x":0.18471412360668183,"y":-0.047453638166189197,"z":0.008929631672799588,"w":0.9816053509712219},"size":277.1532287597656,"orthographic":false}