{"cameraMode":{"drawMode":0,"name":"Shaded","section":"Shading Mode"},"sceneLighting":false,"audioPlay":false,"sceneViewState":{"showFog":true,"showMaterialUpdate":false,"showSkybox":false,"showFlares":false,"showImageEffects":false,"showParticleSystems":false},"in2DMode":false,"pivot":{"x":-38.465911865234378,"y":-31.22947120666504,"z":-19.040193557739259},"rotation":{"x":0.04032823443412781,"y":-0.9581297039985657,"z":0.22629103064537049,"w":0.17074404656887055},"size":107.59697723388672,"orthographic":false}