{"cameraMode":{"drawMode":0,"name":"Shaded","section":"Shading Mode"},"sceneLighting":false,"audioPlay":false,"sceneViewState":{"showFog":false,"showMaterialUpdate":false,"showSkybox":false,"showFlares":false,"showImageEffects":false,"showParticleSystems":false},"in2DMode":false,"pivot":{"x":0.2789962887763977,"y":0.1195576936006546,"z":0.5712233781814575},"rotation":{"x":-0.025505881756544114,"y":-0.9508721232414246,"z":0.08150523900985718,"w":-0.29757118225097659},"size":1.2686280012130738,"orthographic":false}