{"cameraMode":{"drawMode":0,"name":"Shaded","section":"Shading Mode"},"sceneLighting":false,"audioPlay":false,"sceneViewState":{"showFog":true,"showMaterialUpdate":true,"showSkybox":false,"showFlares":true,"showImageEffects":true,"showParticleSystems":true},"in2DMode":false,"pivot":{"x":27.278377532958986,"y":90.5262680053711,"z":76.66853332519531},"rotation":{"x":0.0449853390455246,"y":-0.008403707295656205,"z":0.0003789997717831284,"w":0.9989522695541382},"size":7.300924301147461,"orthographic":false}