{"cameraMode":{"drawMode":0,"name":"Shaded","section":"Shading Mode"},"sceneLighting":false,"audioPlay":false,"sceneViewState":{"showFog":true,"showMaterialUpdate":true,"showSkybox":false,"showFlares":true,"showImageEffects":true,"showParticleSystems":true},"in2DMode":false,"pivot":{"x":-5.960464477539063e-8,"y":0.990032970905304,"z":-0.012872636318206787},"rotation":{"x":0.12388195097446442,"y":-0.6755796670913696,"z":0.1166633814573288,"w":0.717380702495575},"size":3.9669790267944338,"orthographic":false}