{"cameraMode":{"drawMode":0,"name":"Shaded","section":"Shading Mode"},"sceneLighting":false,"audioPlay":false,"sceneViewState":{"showFog":true,"showMaterialUpdate":true,"showSkybox":false,"showFlares":true,"showImageEffects":true,"showParticleSystems":true},"in2DMode":false,"pivot":{"x":-96.43856048583985,"y":95.2621841430664,"z":27.598411560058595},"rotation":{"x":-0.3669487237930298,"y":-0.03042031265795231,"z":0.012010014615952969,"w":-0.9296661019325256},"size":162.2736053466797,"orthographic":false}