{"cameraMode":{"drawMode":0,"name":"Shaded","section":"Shading Mode"},"sceneLighting":false,"audioPlay":false,"sceneViewState":{"showFog":true,"showMaterialUpdate":true,"showSkybox":false,"showFlares":true,"showImageEffects":true,"showParticleSystems":true},"in2DMode":false,"pivot":{"x":3.7176780700683595,"y":0.7077131271362305,"z":4.792872428894043},"rotation":{"x":0.05260717123746872,"y":-0.6017996072769165,"z":0.03977634385228157,"w":0.7959194183349609},"size":16.063037872314454,"orthographic":false}